4530961809546	nika-activator	Oxidizer	Grace,Nika,Oxidizer
15292143501693	all-brushing-fast	Styling	Curly,Edelstein,Frizz Free,Protection,Smooth,Styling
4859764048010	brush-color	Tools	Code Zero,Tools
15292213887357	argan-native-fluid	Care	Argan,Care,Edelstein,Frizz Free,Keratin,Outlet,Protection,Serum,Smooth,Spray,Trending
6626600059030	balancer-1000	Wash	Code Zero,Coloured,Conditioner,Essential
8475364720862	beat-up-hold	Styling	Edelstein,Hairspray,Spray,Styling,Volumizing
7898205946078	nika-beauty-box	Marketing	Marketing,Merchandising,Nika
4778981163146	nika-big-comfort-comb	Tools	Merchandising,Nika,Tools
8663647846622	blondeness	Bleaching	Bleaching,Nika
4743994507402	body-volume-foam	Styling	Code Zero,Mousse,Styling,Volumizing
4716677398666	bowl-color-code-zero	Tools	Code Zero,Tools
7431781908702	nika-breakless	Treatment	Care,K-perfection,Keratin,Nika,Reconstruction
5257857761430	sanitising-hand-gel	Sanitizing	Edelstein,Final,Outlet
8342572171486	chimono	Clothing	cliCHair,Clothing
7710569038046	nika-clear-tonic	Treatment	Care,Detox,Healthy Scalp,Nika,Trending
8122456047838	cliform	Clothing	cliCHair,Clothing
6626588262550	colorfixx-1000	Wash	Code Zero,Coloured,Essential,Shampoo
14933887877501	crystal-fluid	Styling	Gel,Nika,Styling Secret
8359141114078	curly-harmony-kit	Bundle	Curly,Edelstein,Fluid,Mask,Promo,Routine,Shampoo
15167832949117	curly-harmony-pro-kit	Bundle	Curly,Edelstein,Fluid,Kit,Mask,Promo,Shampoo
7965862789342	curly-up-fluid	Styling	Curly,Edelstein,Fluid,Styling,Trending,Volumizing
15876558619005	curly-up-mask-1000	Wash	Curly,Edelstein,Mask
15876560879997	curly-up-mask-250	Wash	Curly,Edelstein,Mask
15876383310205	curly-up-shampoo-1000	Wash	Curly,Edelstein,Shampoo
15876383474045	curly-up-shampoo-300	Wash	Curly,Edelstein,Shampoo,Trending
15222536044925	cuticle-access-system	Bundle	Coloured,Cuticle,Edelstein,Essential,Kit,Liss Komplex,Pro,Smooth,Treatment
15310176354685	cuticles-access-system-gloss	Bundle	Coloured,Cuticle,Essential,Kit,Liss Komplex,Pro,Reconstructive,Smooth,Treatment
7696894492894	diamonds	Care	Anti-Yellow,Frozen Blonde,Nika,Spray
15693620412797	dry-ease-dry-shampoo-powder	Wash	Code Zero,Shampoo,Trending
15828443234685	dry-wash-volume-powder-routine	Styling	Code Zero,Routine,Shampoo,Styling,Volumizing
8475374977246	eco-hair-spray	Styling	Edelstein,Hairspray,Outlet,Spray,Styling,Trending,Volumizing
15496300986749	edelstein-nanoplastia-smoothing-treatment	Bundle	Care,Edelstein,Frizz Free,Kit,Liss Komplex,Nanoplastia,Pro,Smooth,Treatment
4531290308746	extender	Care	Care,Fairy Silk,Frizz Free,Nika,Smooth,Trending
8340562575582	finish-up	Styling	Code Zero,Hairspray,Spray,Styling,Volumizing
8015156281566	flexion-l-brush	Styling	cliCHair,Frizz Free,Smooth,Tools,Trending
4745640771722	fusion-strong-gel	Styling	Code Zero,Final,Gel,Outlet
7710738055390	nika-gentle-relief-shampoo	Wash	Care,Healthy Scalp,Nika,Sensitive,Shampoo,Trending
7710743789790	nika-gentle-relief-treatment	Treatment	Care,Healthy Scalp,Nika,Sensitive,Treatment,Trending
7877730697438	gift-card	GiftCard	Gift cards
4387578052746	nika-hyalu	Care	Age Restore,Care,Hydration,Nika,Spray
7855411986654	inej-anti-age-conditioner	Wash	Anti-Age,Code Zero,Conditioner,Inej,Organic
7855419490526	inej-anti-age-mask	Wash	Anti-Age,Code Zero,Inej,Mask,Organic
7855410544862	inej-anti-age-shampoo	Wash	Anti-Age,Code Zero,Inej,Organic,Shampoo
7855633891550	inej-anti-dandruff-serum	Care	Code Zero,Dandruff,Inej,Organic,Serum
7855614230750	inej-anti-dandruff-shampoo	Wash	Code Zero,Dandruff,Inej,Organic,Shampoo
7855467626718	inej-color-protect-conditioner	Wash	Code Zero,Coloured,Conditioner,Inej,Organic
7855507931358	inej-color-protect-mask	Wash	Code Zero,Coloured,Inej,Mask,Organic
7855517761758	inej-color-protect-serum	Care	Code Zero,Coloured,Inej,Organic,Serum,Spray
7855436431582	inej-color-protect-shampoo	Wash	Code Zero,Coloured,Inej,Organic,Shampoo
7855668691166	inej-detox	Care	Care,Code Zero,Detox,Inej,Organic,Scalp,Serum
7855570944222	inej-dry-hair-conditioner	Wash	Code Zero,Conditioner,Hydration,Inej,Organic
7855574974686	inej-dry-hair-mask	Wash	Code Zero,Hydration,Inej,Mask,Organic
7855560720606	inej-dry-hair-shampoo	Wash	Code Zero,Hydration,Inej,Organic,Shampoo
7855602532574	inej-loss-control-serum	Care	Care,Code Zero,Inej,Loss,Serum
7855597486302	inej-loss-control-shampoo	Wash	Care,Code Zero,Inej,Loss,Shampoo
7855647260894	inej-remedy-shampoo	Wash	Care,Code Zero,Inej,Oily,Organic,Scalp,Shampoo
7855583789278	inej-smooth-conditioner	Wash	Code Zero,Conditioner,Frizz Free,Inej,Organic,Smooth
7855586017502	inej-smooth-mask	Wash	Code Zero,Frizz Free,Inej,Mask,Organic,Smooth
7855578972382	inej-smooth-shampoo	Wash	Code Zero,Frizz Free,Inej,Organic,Shampoo,Smooth
4743052132490	inside-potion	Care	Care,Code Zero,Frizz Free,Protection,Spray
15292107686269	intensive-remedy-keratin-spray	Care	Care,Edelstein,Keratin,Outlet,Reconstruction,Repair,Split Ends,Spray
15877018354045	intensive-remedy-shampoo-1000	Wash	Care,Edelstein,Outlet,Reconstruction,Repair,Shampoo,Split Ends
15877019566461	intensive-remedy-shampoo-300	Wash	Care,Edelstein,Outlet,Reconstruction,Repair,Shampoo,Split Ends
8257318158558	juicy-ultra-brightener	Styling	Coloured,Edelstein,Essential,Finish,Outlet,Spray,Styling
4740727505034	bleach-9-tones	Bleaching	Bleaching,Code Zero
8075554226398	lightening-cream-black	Bleaching	Bleaching,Code Zero
4745377087626	liquid-fresh-gel	Styling	Code Zero,Final,Gel,Outlet
15874400944509	liss-komplex-alkaline-shampoo	Wash	Care,Edelstein,Frizz Free,Liss Komplex,Shampoo,Smooth,Trending
15167757812093	liss-komplex-complete-kit	Bundle	Care,Edelstein,Frizz Free,Kit,Liss Komplex,Pro,Promo,Smooth,Treatment
15167021384061	liss-komplex-essentials-kit	Bundle	Care,Edelstein,Frizz Free,Liss Komplex,Promo,Routine,Smooth
15874500690301	liss-komplex-hydra-mask	Wash	Care,Edelstein,Frizz Free,Liss Komplex,Mask,Smooth
15874396488061	liss-komplex-hydra-shampoo	Wash	Care,Edelstein,Frizz Free,Liss Komplex,Shampoo,Smooth
8498897715422	liss-komplex-pro-kit	Bundle	Care,Edelstein,Frizz Free,Kit,Liss Komplex,Pro,Promo,Smooth,Treatment
15874500329853	liss-komplex-restoring-mask	Wash	Care,Edelstein,Frizz Free,Liss Komplex,Mask,Smooth
8463114502366	liss-komplex-treatment	Treatment	Care,Edelstein,Frizz Free,Liss Komplex,Pro,Smooth,Treatment
4389479284874	nika-maximum	Treatment	Care,Fairy Silk,Frizz Free,Nika,Smooth,Trending
6949632147606	nika-miracle	Care	Care,K-perfection,Keratin,Nika,Reconstruction,Spray
4869714149514	necks-cover	Tools	Tools
7710682874078	nika-new-density-shampoo	Wash	Care,Healthy Scalp,Loss,Nika,Shampoo,Treatment,Trending
7710714364126	nika-new-density-treatment	Treatment	Care,Healthy Scalp,Loss,Nika,Trending
15875496083837	ngy-blonde-silver-protocol	Bundle	Anti-Yellow,Code Zero,Kit,Pro
15875492479357	ngy-blonde-silver-ritual	Bundle	Anti-Yellow,Code Zero,Essential,Routine
15924569342333	nika-age-restore-deep-conditioner-250	Wash	Age Restore,Care,Conditioner,Hydration,Nika
15924597358973	nika-age-restore-deep-conditioner-500	Wash	Age Restore,Care,Conditioner,Hydration,Nika
15924517601661	nika-age-restore-shampoo-1000	Wash	Age Restore,Care,Hydration,Nika,Shampoo
15924484112765	nika-age-restore-shampoo-250	Wash	Age Restore,Care,Hydration,Nika,Shampoo
4778175692938	nk-application-brush	Tools	Merchandising,Nika,Tools
8391319191774	nika-apron	Clothing	Clothing,Merchandising,Nika
16009693626749	nika-bag-for-trainer	Marketing	Marketing,Merchandising,Nika
16009492332925	nika-bowl	Tools	Merchandising,Nika,Tools
4778252664970	nika-bowl-black	Tools	Merchandising,Nika,Tools
6573834141846	bac-bar-nika-care	Marketing	Marketing,Merchandising,Nika
16008915681661	nika-counter-expo	Marketing	Marketing,Merchandising,Nika
4871907442826	nika-disposable-cape	Tools	Clothing,Merchandising,Nika
16009484829053	nika-dressing-brush	Tools	Merchandising,Nika,Tools
4531031081098	nika-extreme-lift	Bleaching	Bleaching,Final,Nika,Outlet
15924644446589	nika-fairy-silk-deep-conditioner-250	Wash	Care,Conditioner,Fairy Silk,Frizz Free,Nika,Smooth,Trending
15924647985533	nika-fairy-silk-deep-conditioner-500	Wash	Care,Conditioner,Fairy Silk,Frizz Free,Nika,Smooth,Trending
15924654473597	nika-fairy-silk-masque-250	Wash	Care,Fairy Silk,Frizz Free,Mask,Nika,Smooth,Trending
15924662272381	nika-fairy-silk-masque-500	Wash	Care,Fairy Silk,Frizz Free,Mask,Nika,Smooth,Trending
15924632420733	nika-fairy-silk-shampoo-1000	Wash	Care,Fairy Silk,Frizz Free,Nika,Shampoo,Smooth,Trending
15924618756477	nika-fairy-silk-shampoo-250	Wash	Care,Fairy Silk,Frizz Free,Nika,Shampoo,Smooth,Trending
4779014062218	nika-fine-toothed-comb	Tools	Merchandising,Nika,Tools
15924714996093	nika-frozen-blonde-deep-conditioner-250	Wash	Anti-Yellow,Conditioner,Frozen Blonde,Nika
15924720009597	nika-frozen-blonde-deep-conditioner-500	Wash	Anti-Yellow,Conditioner,Frozen Blonde,Nika
15924710277501	nika-frozen-blonde-shampoo-1000	Wash	Anti-Yellow,Frozen Blonde,Nika,Shampoo
15924705067389	nika-frozen-blonde-shampoo-250	Wash	Anti-Yellow,Frozen Blonde,Nika,Shampoo
4716982337674	pin-6	Tools	Merchandising,Nika,Tools
8339286589662	nika-hair-spray	Styling	Hairspray,Nika,Styling Secret,Styling
16008994718077	nika-kimono	Clothing	Clothing,Merchandising,Nika
4782908407946	nika-color-mixer	Tools	Merchandising,Nika,Tools
8664074092766	nika-mousse	Styling	Mousse,Nika,Styling Secret,Styling
16009351332221	nika-paddle-brush	Tools	Merchandising,Nika,Tools
16009841377661	nika-protective-mask	Tools	Merchandising,Nika,Tools
16009186279805	nika-round-brush-25mm	Tools	Merchandising,Nika,Tools
16009170878845	nika-round-brush-32mm	Tools	Merchandising,Nika,Tools
16009123201405	nika-round-brush-45mm	Tools	Merchandising,Nika,Tools
16009089515901	nika-round-brush-53mm	Tools	Merchandising,Nika,Tools
7873518272734	nika-massage-scalp	Tools	Care,Healthy Scalp,Merchandising,Nika,Tools,Trending
16008808628605	nika-shopping-bag	Marketing	Marketing,Merchandising,Nika
16009725706621	nika-spray-bottle	Tools	Merchandising,Nika,Tools
16008789950845	nika-stand-expo	Marketing	Marketing,Merchandising,Nika
8339297796318	nika-styling-wax	Styling	Nika,Styling Secret,Styling,Wax
5062638141578	nika-t-shirt	Clothing	Clothing,Merchandising,Nika
4716924436618	nika-protection-cape	Clothing	Clothing,Merchandising,Nika
16008958148989	nika-treatment-trolley	Marketing	Merchandising,Nika,Tools
4859222360202	nika-turban	Tools	Age Restore,Clothing,Fairy Silk,K-perfection,Merchandising,Nika
16009297920381	nika-vent-brush	Tools	Merchandising,Nika,Tools
15875403874685	no-glow-yellow-mask-1000	Wash	Anti-Yellow,Care,Code Zero,Essential,Mask
15875405087101	no-glow-yellow-mask-300	Wash	Anti-Yellow,Care,Code Zero,Essential,Mask
15875401023869	no-glow-yellow-shampoo-1000	Wash	Anti-Yellow,Care,Code Zero,Essential,Shampoo
15875402465661	no-glow-yellow-shampoo-300	Wash	Anti-Yellow,Care,Code Zero,Essential,Shampoo
4740189978762	oxidizer	Oxidizer	Code Zero,Oxidizer,Vibrant
8359156482270	perfect-color-care-duo	Bundle	Code Zero,Coloured,Conditioner,Essential,Kit,Promo,Shampoo
15292222898557	pretty-crystal-serum	Treatment	Care,Edelstein,Finish,Outlet,Protection,Reconstruction,Split Ends,Spray,Treatment
15292128559485	prickly-pear-oil-sample	Marketing	Edelstein,Sample
15693648167293	puff-up-root-body-powder	Styling	Code Zero,Styling,Volumizing
15924692582781	pure-keratin-deep-conditioner-250	Wash	Care,Conditioner,K-perfection,Keratin,Nika,Reconstruction
15924695794045	pure-keratin-deep-conditioner-500	Wash	Care,Conditioner,K-perfection,Keratin,Nika,Reconstruction
15924681605501	pure-keratin-shampoo-1000	Wash	Care,K-perfection,Keratin,Nika,Reconstruction,Shampoo
15924677149053	pure-keratin-shampoo-250	Wash	Care,K-perfection,Keratin,Nika,Reconstruction,Shampoo
15827419234685	pure-verve-molecular-kit	Bundle	Care,Code Zero,Kit,Pro,Pure Verve,Reconstruction,Treatment
15693508739453	pure-verve-revitalize-elixir-no2	Treatment	Care,Code Zero,Pure Verve,Reconstruction,Treatment
15693571064189	pure-verve-revitalize-mask-no4	Wash	Care,Code Zero,Mask,Pure Verve,Reconstruction
15693562904957	clichair-pure-verve-revitalize-moleculix-no3	Treatment	Care,Code Zero,Pure Verve,Reconstruction,Treatment
15693507461501	clichair-pure-verve-shampoo-no1	Wash	Care,Code Zero,Pure Verve,Reconstruction,Shampoo
6124508610710	nika-radiance	Treatment	Age Restore,Care,Hydration,Nika,Treatment
8057116360926	reconstructive-fluid	Care	Care,Edelstein,Keratin,Reconstructive,Serum,Spray,Trending
15875286958461	reconstructive-mask-175	Wash	Care,Edelstein,Keratin,Mask,Reconstructive
15875286925693	reconstructive-mask-500	Wash	Care,Edelstein,Keratin,Mask,Reconstructive
15849877569917	reconstructive-ritual-inside	Bundle	Care,cliCHair,Edelstein,Hydration,Reconstructive,Repair,Routine,Trending
8463100870878	reconstructive-sample	Marketing	Edelstein,Sample
15875098476925	reconstructive-shampoo-250	Wash	Care,Edelstein,Keratin,Reconstructive,Shampoo,Trending
15875098018173	reconstructive-shampoo-750	Wash	Care,Edelstein,Keratin,Reconstructive,Shampoo
8057122062558	reconstructive-treatment	Treatment	Care,Edelstein,Keratin,Pro,Reconstructive,Treatment
15848605319549	regeneration-ritual	Bundle	Aloe Vera,Argan,Care,cliCHair,Edelstein,Essential,Hydration,Keratin,Regeneration,Routine
15875035627901	regeneration-therapy-mask-175	Wash	Aloe Vera,Care,Edelstein,Keratin,Mask,Regeneration
15875034055037	regeneration-therapy-mask-500	Wash	Aloe Vera,Care,Edelstein,Keratin,Mask,Regeneration
15848755888509	regeneration-therapy-master-kit	Bundle	Aloe Vera,Argan,Care,cliCHair,Edelstein,Hydration,Keratin,Kit,Pro,Regeneration
8057159712990	regeneration-therapy-sample	Marketing	Edelstein,Sample
15874988048765	regeneration-therapy-shampoo-250	Wash	Aloe Vera,Care,Edelstein,Keratin,Regeneration,Shampoo,Trending
15874871722365	regeneration-therapy-shampoo-750	Wash	Aloe Vera,Care,Edelstein,Keratin,Regeneration,Shampoo
8057129828574	regeneration-therapy-treatment	Treatment	Aloe Vera,Care,Edelstein,Keratin,Pro,Regeneration,Treatment
7965850927326	remov-up	Skin Stain Remover	Body,Coloured,Edelstein,Essential,Sanitizing,Stain Remover
4778870014090	nika-resale-bag-1	Marketing	Marketing,Merchandising,Nika
4859041775754	code-zero-resale-bag	Marketing	Code Zero,Marketing
8051745259742	inej-resale-bag	Marketing	Code Zero,Marketing
7981935395038	nika-riviera-breeze-kit	Treatment	Nika,Riviera Breeze
4746332536970	salt-sand	Styling	Code Zero,Curly,Sea Salt,Spray,Styling,Trending,Volumizing
4389326848138	nika-shimmer	Care	Care,Fairy Silk,Frizz Free,Nika,Smooth,Trending
4778845208714	small-brush-color	Tools	Code Zero,Tools
4787039174794	stabilizer	Wash	Code Zero,Coloured,Cuticle,Essential,Gems,Shampoo
4860515123338	remover	Skin Stain Remover	Edelstein,Final,Outlet,Stain Remover
7965893394654	sweet-almonds-shampoo	Wash	Edelstein,Outlet,Shampoo
4778555932810	tech-brush-color	Tools	Code Zero,Tools
14933939028349	texture-fluid	Styling	Nika,Styling Secret,Styling,Volumizing
7710439211230	nika-total-balance-shampoo	Wash	Care,Dandruff,Healthy Scalp,Nika,Oily,Shampoo,Trending
7710224023774	nika-total-balance-treatment	Treatment	Care,Dandruff,Healthy Scalp,Nika,Oily,Treatment,Trending
14933921005949	twisting-fluid	Styling	Curly,Nika,Styling Secret,Styling
7431737540830	nika-ultimate	Treatment	Care,K-perfection,Keratin,Nika,Reconstruction,Treatment
8475372093662	volume-up	Styling	Edelstein,Mousse,Styling,Trending,Volumizing
15292115681661	volume-up-shampoo	Wash	Edelstein,Outlet,Shampoo,Volume Up,Volumizing
15292121252221	volume-up-spray	Care	Care,Edelstein,Outlet,Spray,Volume Up,Volumizing
8335793094878	xflex-after-shave-classic	After Shave	After Shave,Edelstein,Face,Outlet,Xflex
14945262076285	xflex-after-shave-amber	After Shave	After Shave,Edelstein,Face,Outlet,Xflex
14945278787965	xflex-after-shave-freshman	After Shave	After Shave,Edelstein,Face,Outlet,Xflex
8336009691358	xflex-after-shave-refreshing	After Shave	After Shave,Edelstein,Face,Outlet,Trending,Xflex
14945289634173	xflex-after-shave-green-splash	After Shave	After Shave,Edelstein,Face,Outlet,Xflex
8336127918302	xflex-after-shave-sensitive	After Shave	After Shave,Edelstein,Face,Outlet,Xflex
14947684811133	xflex-amber-hair-gel	Styling	Edelstein,Gel,Outlet,Styling,Xflex
8165634080990	xflex-anti-dandruff-shampoo	Wash	Dandruff,Edelstein,Outlet,Shampoo,Xflex
14947821093245	xflex-aquae-hair-gel	Styling	Edelstein,Gel,Outlet,Styling,Xflex
8165164024030	xflex-atomizer	Tools	After Shave,Edelstein,Face,Tools,Xflex
8164805705950	xflex-beard-oil	Beard	Beard,Edelstein,Face,Outlet,Serum,Xflex
8164819337438	xflex-beard-shampoo	Beard	Beard,Edelstein,Face,Outlet,Shampoo,Trending,Xflex
8163575726302	xflex-black-gel-grey-coverage-clichair	Styling	Edelstein,Gel,Styling,Xflex
14947802481021	xflex-coolstyle-hair-gel	Styling	Edelstein,Gel,Outlet,Styling,Xflex
14945380335997	xflex-cremagel-after-shave-antiage	After Shave	After Shave,Edelstein,Face,Outlet,Xflex
14945353826685	xflex-cremagel-after-shave-ghiaccio	After Shave	After Shave,Edelstein,Face,Outlet,Trending,Xflex
14945333412221	xflex-cremagel-after-shave-sensitive	After Shave	After Shave,Edelstein,Face,Outlet,Xflex
8164755931358	xflex-d-panthenol-blue	Care	Anti-Yellow,Care,Edelstein,Lotion,Outlet,Xflex
8164734271710	xflex-d-panthenol-oro	Care	Care,Edelstein,Hydration,Lotion,Outlet,Xflex
8164185735390	xflex-freaky-brink-sea-salt	Styling	Curly,Edelstein,Outlet,Sea Salt,Spray,Styling,Trending,Xflex
14947831677309	xflex-fruit-hair-gel	Styling	Edelstein,Gel,Outlet,Styling,Trending,Xflex
8164171219166	xflex-glaze-spray	Styling	Edelstein,Gel,Outlet,Spray,Styling,Xflex
8163911925982	xflex-glowing-brown	Styling	Coloured,Edelstein,Outlet,Styling,Wax,Xflex
8163909271774	xflex-glowing-hair-wax	Styling	Edelstein,Outlet,Styling,Wax,Xflex
8163911270622	xflex-glowing-orange	Styling	Coloured,Edelstein,Outlet,Styling,Wax,Xflex
8164772151518	xflex-lotion-ghiaccio	Care	Care,Edelstein,Lotion,Outlet,Scalp,Trending,Xflex
8163937386718	xflex-loud-matte-paste	Styling	Edelstein,Outlet,Styling,Trending,Wax,Xflex
8163485319390	xflex-lux-fix	Styling	Edelstein,Gel,Styling,Xflex
8664070717662	xflex-lux-fix-sample	Marketing	Edelstein,Sample
8165631525086	xflex-matt-modelling-hair-wax	Styling	Edelstein,Outlet,Styling,Wax,Xflex
8163936272606	xflex-matte-holding-paste	Styling	Edelstein,Outlet,Styling,Wax,Xflex
8165632671966	xflex-mistix-volume-dust	Styling	Edelstein,Outlet,Styling,Volumizing,Xflex
8164178198750	xflex-power-spray	Styling	Edelstein,Hairspray,Outlet,Spray,Styling,Xflex
14947780067709	xflex-rebel-hair-gel	Styling	Edelstein,Gel,Outlet,Styling,Xflex
8165635064030	xflex-ghiaccio-shampoo	Wash	Edelstein,Outlet,Shampoo,Trending,Xflex
8164172824798	xflex-shape-oil	Styling	Edelstein,Gel,Outlet,Protection,Styling,Trending,Xflex
8164795875550	xflex-shave-cream	Beard	Edelstein,Face,Outlet,Shaving,Xflex
8164783325406	xflex-shave-gel	Beard	Edelstein,Face,Outlet,Shaving,Xflex
8164166172894	xflex-spider-hair-wax	Styling	Edelstein,Outlet,Shape,Styling,Trending,Wax,Xflex
8163934732510	xflex-strongly-blue	Styling	Anti-Yellow,Coloured,Edelstein,Outlet,Styling,Wax,Xflex
8163931259102	xflex-strongly-hair-wax	Styling	Edelstein,Outlet,Styling,Wax,Xflex
8163934863582	xflex-strongly-red	Styling	Coloured,Edelstein,Outlet,Styling,Wax,Xflex
8163479683294	xflex-wax-gel	Styling	Edelstein,Gel,Outlet,Styling,Xflex
