15008170213757	Gems 01 Platinum
15012534944125	Gems 02 Lavender
15008099238269	Gems 036 Peach
15012557554045	Gems 060 Coral Pink
15010701738365	Gems 11 Pearl Grey
15010946679165	Gems 118 Graphite
15010419933565	Gems 12 Dark Mauve
15012593336701	Gems 18 Iron
15010770289021	Gems 22 Intense Violet
15010235711869	Gems 23 Champagne
15007945163133	Gems 3 Very Light Golden Blonde
15012512334205	Gems 44 Intense Copper
15010302001533	Gems 52 Magenta
15008055558525	Gems 62 Fuchsia
15010863317373	Gems 66 Intense Red
15010799911293	Gems 7 Moka
15011002220925	Gems 75 Cocoa
15011041542525	Gems 81 Black
15010159133053	Gems 88 Blue
8318625874142	Gems C Clear
5981652025494	Gems Colors Chart
15013005820285	Grace Color 5.22 Light Deep Violet Natural Brown
15014738362749	Grace Color 1.0 Black
15014786793853	Grace Color 10.0 Platinum Blonde
15873213268349	Grace Color 10.1 Lightest Ash Natural Blonde
15012959584637	Grace Color 10.11 Lightest Ash Ash Natural Blonde
15012992909693	Grace Color 100 Extra Lift
15030852288893	Grace Color 11.19 Ice
15030885450109	Grace Color 11.20 Quarzo Rosa
15012967285117	Grace Color 1B Blue Black
15014744686973	Grace Color 3.0 Dark Natural Brown
15014751895933	Grace Color 4.0 Medium Natural Brown
15012841161085	Grace Color 4.07 Medium Brown Natural Brown
15013041242493	Grace Color 4.5 Mahogany
15873530134909	Grace Color 4.7 Medium Brown Natural Brown
15014756876669	Grace Color 5.0 Light Natural Brown
15012865900925	Grace Color 5.03 Light Natural Gold Natural Brown
15012845224317	Grace Color 5.07 Light Brown Natural Brown
15873021346173	Grace Color 5.1 Light Ash Natural Brown
15012935532925	Grace Color 5.11 Light Ash Ash Natural Brown
15873237254525	Grace Color 5.3 Light Gold Natural Brown
15013024596349	Grace Color 5.53 Light Mahogany Gold Natural Brown
15873717895549	Grace Color 5.6 Light Red Natural Brown
15012746002813	Grace Color 5.62 Light Red Violet Natural Brown
15013072273789	Grace Color 5.64 Light Coral Natural Brown
15012792828285	Grace Color 5.66 Light Red Red Natural Brown
15873592623485	Grace Color 5.7 Light Brown Natural Brown
15013121556861	Grace Color 5.71 Light Cold Brown Natural Brown
15012917477757	Grace Color 5.82 Medium Beige Violet Natural Brown
15014762152317	Grace Color 6.0 Dark Natural Blonde
15012874649981	Grace Color 6.03 Dark Natural Gold Natural Blonde
15012850401661	Grace Color 6.07 Dark Brown Natural Brown
15873063158141	Grace Color 6.1 Dark Ash Natural Blonde
15012944707965	Grace Color 6.11 Dark Ash Ash Natural Blonde
15013012341117	Grace Color 6.22 Dark Deep Violet Natural Blonde
15873289224573	Grace Color 6.3 Dark Natural Blonde
15013211963773	Grace Color 6.33 Dark Deep Gold Natural Blonde
15013095178621	Grace Color 6.44 Dark Deep Copper Natural Blonde
15013031051645	Grace Color 6.53 Dark Mahogany Gold Natural Blonde
15873771241853	Grace Color 6.6 Dark Red Natural Blonde
15012764352893	Grace Color 6.62 Dark Red Violet Natural Blonde
15012798595453	Grace Color 6.66 Dark Red Red Natural Blonde
15873651442045	Grace Color 6.7 Dark Brown Natural Blonde
15013124047229	Grace Color 6.71 Dark Cold Brown Natural Blonde
15012922458493	Grace Color 6.82 Light Beige Violet Natural Blonde
15014766543229	Grace Color 7.0 Medium Natural Blonde
15012879303037	Grace Color 7.03 Medium Natural Gold Natural Blonde
15012853809533	Grace Color 7.07 Medium Brown Natural Blonde
15873130758525	Grace Color 7.1 Medium Ash Natural Blonde
15012949590397	Grace Color 7.11 Medium Ash Ash Natural Blonde
15873441726845	Grace Color 7.3 Medium Gold Natural Blonde
15013215928701	Grace Color 7.33 Medium Deep Gold Natural Blonde
15013110645117	Grace Color 7.4 Copper
15013100945789	Grace Color 7.44 Medium Deep Copper Natural Blonde
15873844674941	Grace Color 7.6 Medium Red Natural Blonde
15012802134397	Grace Color 7.66 Medium Red Red Natural Blonde
15873691091325	Grace Color 7.7 Medium Brown Natural Blonde
15013128601981	Grace Color 7.71 Medium Cold Brown Natural Blonde
15014770770301	Grace Color 8.0 Light Natural Blonde
15012884119933	Grace Color 8.03 Light Natural Gold Natural Blonde
15873147601277	Grace Color 8.1 Light Ash Natural Blonde
15012955062653	Grace Color 8.11 Light Ash Ash Natural Blonde
15873491992957	Grace Color 8.3 Light Gold Natural Blonde
15013218517373	Grace Color 8.33 Light Deep Gold Natural Blonde
15013187060093	Grace Color 8.7 Light Brown Natural Blonde
15013134238077	Grace Color 8.71 Light Cold Brown Natural Blonde
15014780666237	Grace Color 9.0 Very Light Natural Blonde
15012887331197	Grace Color 9.03 Very Light Natural Gold Natural Blonde
15873196491133	Grace Color 9.1 Very Light Ash Natural Blonde
15012957389181	Grace Color 9.11 Very Light Ash Ash Natural Blonde
15013138760061	Grace Color 9.71 Very Light Cold Brown Natural Blonde
15013081252221	Grace Color Pearl Rose
15012977017213	Grace Color Silver
4531076628618	Grace Colors Chart
14964082737533	Vibrant Color .COM19 Agate
15003064205693	Vibrant Color 01 Toner Ash
15003089338749	Vibrant Color 09 Toner Blue
14941776970109	Vibrant Color 1.0 Black
14965928165757	Vibrant Color 1.90 Blue Black
14965941961085	Vibrant Color 1.99 Cobalt Black
15693493404029	Vibrant Color 10.+ Intense Ultra Light Blond
14963729695101	Vibrant Color 10.0 Ultra Light Blond
14966312763773	Vibrant Color 10.1 Ultra Light Ash Blond
15693498909053	Vibrant Color 10.11 Intense Ash Ultra Light Blond
15002855899517	Vibrant Color 10.13 Golden Ash Platinum Blond
14996876165501	Vibrant Color 10.28 Precious Platinum
14971012645245	Vibrant Color 10.3 Ultra Light Golden Blond
15005041197437	Vibrant Color 10.38 Ultra Light Golden Beige Blond
14970364592509	Vibrant Color 10.43 Ultra Light Copper Golden Blond
14962079826301	Vibrant Color 2.0 Very Dark Brown
14962143691133	Vibrant Color 3.0 Dark Brown
15005366550909	Vibrant Color 3.20 Dark Violet Brown
14998874161533	Vibrant Color 3.6 Deep Red Dark Brown
14963828130173	Vibrant Color 4.+ Intense Brown
14962181702013	Vibrant Color 4.0 Brown
14965990424957	Vibrant Color 4.1 Ash Brown
15005400465789	Vibrant Color 4.20 Violet Brown
14996746011005	Vibrant Color 4.27 Violet Tobacco Brown
14970902053245	Vibrant Color 4.3 Golden Brown
15000985207165	Vibrant Color 4.52 Mahogany Iridescent Brown
15002667975037	Vibrant Color 4.56 Mahogany Red Brown
14998911582589	Vibrant Color 4.6 Deep Red Brown
15001017581949	Vibrant Color 4.71 Tobacco Ash Brown
15002755498365	Vibrant Color 4.84 Beige Copper Brown
14963841040765	Vibrant Color 5.+ Intense Light Brown
14963591840125	Vibrant Color 5.0 Light Brown
14966097969533	Vibrant Color 5.1 Light Ash Brown
15693495042429	Vibrant Color 5.11 Intense Ash Light Brown
15005417505149	Vibrant Color 5.20 Light Violet Brown
14970920829309	Vibrant Color 5.3 Light Golden Brown
15001066373501	Vibrant Color 5.32 Iridescent Golden Light Brown
14996456505725	Vibrant Color 5.4 Light Copper Brown
14970138886525	Vibrant Color 5.43 Light Copper Golden Brown
15002686390653	Vibrant Color 5.56 Light Mahogany Red Brown
14998945923453	Vibrant Color 5.6 Deep Red Light Brown
15002701332861	Vibrant Color 5.64 Light Red Copper Brown
14970395689341	Vibrant Color 5.7 Light Tobacco Brown
15001081774461	Vibrant Color 5.74 Red Tobacco Light Brown
15002779681149	Vibrant Color 5.85 Mahogany Beige Light Brown
14963847561597	Vibrant Color 6.+ Intense Dark Blonde
14963640172925	Vibrant Color 6.0 Dark Blond
14966129328509	Vibrant Color 6.1 Ash Blond
14996774551933	Vibrant Color 6.29 Violet Blue Dark Blond
14970936295805	Vibrant Color 6.3 Dark Golden Blond
14996826882429	Vibrant Color 6.38 Golden Beige Dark Blond
14996511031677	Vibrant Color 6.4 Dark Copper Brown
14970164969853	Vibrant Color 6.43 Dark Copper Golden Blond
14998746071421	Vibrant Color 6.45 Dark Copper Mahogany Blond
15001108480381	Vibrant Color 6.57 Tobacco Mahogany Dark Blond
14998966403453	Vibrant Color 6.6 Deep Red Dark Blond
14996307345789	Vibrant Color 6.62 Dark Red Violet Blond
15002712932733	Vibrant Color 6.64 Dark Red Copper Brown
14970634633597	Vibrant Color 6.7 Dark Tobacco Blond
15002790920573	Vibrant Color 6.80 Natural Beige Dark Blond
14963854213501	Vibrant Color 7.+ Intense Blonde
14963663700349	Vibrant Color 7.0 Blond
14966220882301	Vibrant Color 7.1 Ash Blond
15693497663869	Vibrant Color 7.11 Intense Ash Blond
15002817560957	Vibrant Color 7.13 Golden Ash Blond
15005276406141	Vibrant Color 7.23 Violet Golden Blond
15001120407933	Vibrant Color 7.25 Mahogany Iridescent Medium Blond
14970958250365	Vibrant Color 7.3 Golden Blond
15004996501885	Vibrant Color 7.38 Golden Beige Blond
14996538982781	Vibrant Color 7.4 Copper Blond
14970189676925	Vibrant Color 7.43 Copper Golden Blond
14998782443901	Vibrant Color 7.45 Copper Mahogany Blond
14998983442813	Vibrant Color 7.6 Deep Red Blond
14996343488893	Vibrant Color 7.62 Red Violet Blond
15002726859133	Vibrant Color 7.64 Red Copper Blond
14965873574269	Vibrant Color 7.67 Tobacco Red Blond
14970657669501	Vibrant Color 7.7 Tobacco Blond
14965892415869	Vibrant Color 7.86 Red Beige Blond
14963858080125	Vibrant Color 8.+ Intense Light Blonde
14963691127165	Vibrant Color 8.0 Light Blond
14966238773629	Vibrant Color 8.1 Light Ash Blond
15002842628477	Vibrant Color 8.13 Golden Ash Light Blond
15005302817149	Vibrant Color 8.23 Light Violet Golden Blond
14970978369917	Vibrant Color 8.3 Light Golden Blond
15005016260989	Vibrant Color 8.38 Light Golden Beige Blond
14996672741757	Vibrant Color 8.4 Light Copper Blond
14970315899261	Vibrant Color 8.43 Light Copper Golden Blond
14998800990589	Vibrant Color 8.45 Light Copper Mahogany
14999010410877	Vibrant Color 8.6 Deep Red Light Blond
15002737246589	Vibrant Color 8.64 Light Red Copper Blond
14970680738173	Vibrant Color 8.7 Light Tobacco Blond
15001138266493	Vibrant Color 8.72 Iridescent Tobacco Medium Blond
14965909487997	Vibrant Color 8.74 Copper Tobacco Light Blond
15693490061693	Vibrant Color 9.+ Intense Very Light Blond
14963709903229	Vibrant Color 9.0 Very Light Blond
14966292873597	Vibrant Color 9.1 Very Light Ash Blond
15693498614141	Vibrant Color 9.11 Intense Ash Very Light Blond
15005337878909	Vibrant Color 9.23 Very Light Violet Golden Blond
14970996130173	Vibrant Color 9.3 Very Light Golden Blond
15005028221309	Vibrant Color 9.38 Very Golden Beige Blond
14970340868477	Vibrant Color 9.43 Very Light Copper Golden Blond
15002872119677	Vibrant Color 90.0 Superbleaching Natural Blond
15002904625533	Vibrant Color 90.1 Superbleaching Ash Blond
15002945552765	Vibrant Color 90.2 Superbleaching Violet Blond
15002976944509	Vibrant Color 90.3 Superbleaching Golden Blond
15003009909117	Vibrant Color 90.4 Superbleaching Copper Blond
14996850114941	Vibrant Color 90.82 Mother of Pearl
4733392650378	Vibrant Color Chart
14963869188477	Pure Pigment 0.22 Violet
14963881312637	Pure Pigment 0.33 Yellow
14963892486525	Pure Pigment 0.44 Orange
14963903824253	Pure Pigment 0.62 Red Violet
14963961987453	Pure Pigment 0.66 Red
8381724000478	Liquid Pigment .21 Violet Ash
